<?xml version="1.0" encoding="UTF-8"?>
<configuration>

	<property name="LOG_HOME" value="/opt/app/sfgov/applogs" />

	<appender name="Console"
		class="ch.qos.logback.core.ConsoleAppender">
		<layout class="ch.qos.logback.classic.PatternLayout">
			<Pattern>
				%d{yyyy-MM-dd HH:mm:ss} %-5p %F.%M - %m%n
			</Pattern>
		</layout>
	</appender>

	<appender name="RollingFile"
		class="ch.qos.logback.core.rolling.RollingFileAppender">
		<file>${LOG_HOME}/foodTrucks.log</file>
		<encoder
			class="ch.qos.logback.classic.encoder.PatternLayoutEncoder">
			<Pattern>
				%d{yyyy-MM-dd HH:mm:ss} %-5p %F.%M - %m%n
			</Pattern>
		</encoder>

		<rollingPolicy
			class="ch.qos.logback.core.rolling.TimeBasedRollingPolicy">
			<!-- rollover daily and when the file reaches 10 MegaBytes -->
			<fileNamePattern>${LOG_HOME}/foodTrucks-%d{yyyy-MM-dd}.%i.log
			</fileNamePattern>
			<timeBasedFileNamingAndTriggeringPolicy
				class="ch.qos.logback.core.rolling.SizeAndTimeBasedFNATP">
				<maxFileSize>500MB</maxFileSize>
			</timeBasedFileNamingAndTriggeringPolicy>
		</rollingPolicy>
	</appender>

	<logger name="com.sfo.gov.foodtrucks" level="DEBUG"
		additivity="false">
		<appender-ref ref="RollingFile" />
	</logger>

<!-- 	<logger name="org.springframework" level="DEBUG"> <appender-ref ref="Console" 
		/> </logger> -->

</configuration>
